method,result,elapsed,args
solve_greedy,38872.0,5.412101745605469e-05,-I 1 -N 10 -n 24 -W 3000 -C 3000 -w bal -m 0.8 -c uni
solve_branch_bound,34363.0,0.008516788482666016,-I 1 -N 10 -n 24 -W 3000 -C 3000 -w bal -m 0.8 -c uni
solve_greedy,38872.0,4.506111145019531e-05,-I 1 -N 10 -n 24 -W 3000 -C 3000 -w bal -m 0.8 -c uni
solve_greedy,38288.0,4.410743713378906e-05,-I 1 -N 10 -n 24 -W 3000 -C 3000 -w bal -m 0.8 -c uni
solve_greedy,35461.0,4.291534423828125e-05,-I 1 -N 10 -n 24 -W 3000 -C 3000 -w bal -m 0.8 -c uni
solve_greedy,26092.0,5.1975250244140625e-05,-I 1 -N 10 -n 24 -W 3000 -C 3000 -w bal -m 0.8 -c uni
solve_branch_bound,34363.0,0.0054242610931396484,-I 1 -N 10 -n 24 -W 3000 -C 3000 -w bal -m 0.8 -c uni
solve_greedy,32636.0,4.506111145019531e-05,-I 1 -N 10 -n 24 -W 3000 -C 3000 -w bal -m 0.8 -c uni
solve_branch_bound,39330.0,0.040920257568359375,-I 1 -N 10 -n 24 -W 3000 -C 3000 -w bal -m 0.8 -c uni
solve_greedy,34151.0,4.57763671875e-05,-I 1 -N 10 -n 24 -W 3000 -C 3000 -w bal -m 0.8 -c uni
solve_branch_bound,39330.0,0.04429006576538086,-I 1 -N 10 -n 24 -W 3000 -C 3000 -w bal -m 0.8 -c uni
solve_bruteforce,32636.0,0.04587268829345703,-I 1 -N 10 -n 24 -W 3000 -C 3000 -w bal -m 0.8 -c uni
solve_bruteforce,34306.0,0.0397639274597168,-I 1 -N 10 -n 24 -W 3000 -C 3000 -w bal -m 0.8 -c uni
solve_bruteforce,34306.0,0.06732988357543945,-I 1 -N 10 -n 24 -W 3000 -C 3000 -w bal -m 0.8 -c uni
solve_branch_bound,39330.0,0.041783809661865234,-I 1 -N 10 -n 24 -W 3000 -C 3000 -w bal -m 0.8 -c uni
solve_bruteforce,34306.0,0.01762676239013672,-I 1 -N 10 -n 24 -W 3000 -C 3000 -w bal -m 0.8 -c uni
solve_branch_bound,32636.0,0.01330423355102539,-I 1 -N 10 -n 24 -W 3000 -C 3000 -w bal -m 0.8 -c uni
solve_dynamic_cost,25792.0,0.6600790023803711,-I 1 -N 10 -n 24 -W 3000 -C 3000 -w bal -m 0.8 -c uni
solve_dynamic_cost,25792.0,0.6053519248962402,-I 1 -N 10 -n 24 -W 3000 -C 3000 -w bal -m 0.8 -c uni
solve_dynamic_cost,34306.0,0.6628859043121338,-I 1 -N 10 -n 24 -W 3000 -C 3000 -w bal -m 0.8 -c uni
solve_dynamic_cost,38288.0,0.6763639450073242,-I 1 -N 10 -n 24 -W 3000 -C 3000 -w bal -m 0.8 -c uni
solve_bruteforce,32636.0,0.012922286987304688,-I 1 -N 10 -n 24 -W 3000 -C 3000 -w bal -m 0.8 -c uni
solve_dynamic_cost,34306.0,0.6649918556213379,-I 1 -N 10 -n 24 -W 3000 -C 3000 -w bal -m 0.8 -c uni
solve_branch_bound,32636.0,0.056524038314819336,-I 1 -N 10 -n 24 -W 3000 -C 3000 -w bal -m 0.8 -c uni
solve_dynamic_cost,34306.0,0.6902401447296143,-I 1 -N 10 -n 24 -W 3000 -C 3000 -w bal -m 0.8 -c uni
solve_dynamic_cost,26235.0,0.6140329837799072,-I 1 -N 10 -n 24 -W 3000 -C 3000 -w bal -m 0.8 -c uni
solve_greedy,34363.0,5.412101745605469e-05,-I 1 -N 10 -n 24 -W 3000 -C 3000 -w bal -m 0.8 -c uni
solve_branch_bound,39330.0,0.016142845153808594,-I 1 -N 10 -n 24 -W 3000 -C 3000 -w bal -m 0.8 -c uni
solve_greedy,39874.0,5.1975250244140625e-05,-I 1 -N 10 -n 24 -W 3000 -C 3000 -w bal -m 0.8 -c uni
solve_branch_bound,34363.0,0.00202178955078125,-I 1 -N 10 -n 24 -W 3000 -C 3000 -w bal -m 0.8 -c uni
solve_greedy,35461.0,4.792213439941406e-05,-I 1 -N 10 -n 24 -W 3000 -C 3000 -w bal -m 0.8 -c uni
solve_bruteforce,38961.0,0.021778106689453125,-I 1 -N 10 -n 24 -W 3000 -C 3000 -w bal -m 0.8 -c uni
solve_branch_bound,39874.0,0.005818843841552734,-I 1 -N 10 -n 24 -W 3000 -C 3000 -w bal -m 0.8 -c uni
solve_dynamic_cost,32636.0,0.8146171569824219,-I 1 -N 10 -n 24 -W 3000 -C 3000 -w bal -m 0.8 -c uni
solve_bruteforce,34306.0,0.05829477310180664,-I 1 -N 10 -n 24 -W 3000 -C 3000 -w bal -m 0.8 -c uni
solve_branch_bound,26235.0,0.011442184448242188,-I 1 -N 10 -n 24 -W 3000 -C 3000 -w bal -m 0.8 -c uni
solve_bruteforce,38961.0,0.02607893943786621,-I 1 -N 10 -n 24 -W 3000 -C 3000 -w bal -m 0.8 -c uni
solve_bruteforce,35461.0,0.0032172203063964844,-I 1 -N 10 -n 24 -W 3000 -C 3000 -w bal -m 0.8 -c uni
solve_greedy,35461.0,4.792213439941406e-05,-I 1 -N 10 -n 24 -W 3000 -C 3000 -w bal -m 0.8 -c uni
solve_greedy,39060.0,4.100799560546875e-05,-I 1 -N 10 -n 24 -W 3000 -C 3000 -w bal -m 0.8 -c uni
solve_greedy,34363.0,4.291534423828125e-05,-I 1 -N 10 -n 24 -W 3000 -C 3000 -w bal -m 0.8 -c uni
solve_bruteforce,34306.0,0.052722930908203125,-I 1 -N 10 -n 24 -W 3000 -C 3000 -w bal -m 0.8 -c uni
solve_dynamic_cost,25792.0,0.7886340618133545,-I 1 -N 10 -n 24 -W 3000 -C 3000 -w bal -m 0.8 -c uni
solve_greedy,39874.0,6.103515625e-05,-I 1 -N 10 -n 24 -W 3000 -C 3000 -w bal -m 0.8 -c uni
solve_dynamic_cost,34363.0,0.9768221378326416,-I 1 -N 10 -n 24 -W 3000 -C 3000 -w bal -m 0.8 -c uni
solve_bruteforce,39330.0,0.024148941040039062,-I 1 -N 10 -n 24 -W 3000 -C 3000 -w bal -m 0.8 -c uni
solve_branch_bound,39330.0,0.022871017456054688,-I 1 -N 10 -n 24 -W 3000 -C 3000 -w bal -m 0.8 -c uni
solve_dynamic_cost,34306.0,0.9271831512451172,-I 1 -N 10 -n 24 -W 3000 -C 3000 -w bal -m 0.8 -c uni
solve_greedy,39060.0,0.00014400482177734375,-I 1 -N 10 -n 24 -W 3000 -C 3000 -w bal -m 0.8 -c uni
solve_dynamic_cost,39330.0,1.0684139728546143,-I 1 -N 10 -n 24 -W 3000 -C 3000 -w bal -m 0.8 -c uni
solve_greedy,34151.0,5.030632019042969e-05,-I 1 -N 10 -n 24 -W 3000 -C 3000 -w bal -m 0.8 -c uni
solve_dynamic_cost,32636.0,1.0496258735656738,-I 1 -N 10 -n 24 -W 3000 -C 3000 -w bal -m 0.8 -c uni
solve_bruteforce,26235.0,0.018969058990478516,-I 1 -N 10 -n 24 -W 3000 -C 3000 -w bal -m 0.8 -c uni
solve_branch_bound,38961.0,0.012349128723144531,-I 1 -N 10 -n 24 -W 3000 -C 3000 -w bal -m 0.8 -c uni
solve_greedy,25792.0,5.125999450683594e-05,-I 1 -N 10 -n 24 -W 3000 -C 3000 -w bal -m 0.8 -c uni
solve_greedy,34363.0,4.6253204345703125e-05,-I 1 -N 10 -n 24 -W 3000 -C 3000 -w bal -m 0.8 -c uni
solve_dynamic_cost,25792.0,0.8422081470489502,-I 1 -N 10 -n 24 -W 3000 -C 3000 -w bal -m 0.8 -c uni
solve_bruteforce,26235.0,0.007071971893310547,-I 1 -N 10 -n 24 -W 3000 -C 3000 -w bal -m 0.8 -c uni
solve_greedy,38288.0,4.482269287109375e-05,-I 1 -N 10 -n 24 -W 3000 -C 3000 -w bal -m 0.8 -c uni
solve_greedy,38288.0,4.38690185546875e-05,-I 1 -N 10 -n 24 -W 3000 -C 3000 -w bal -m 0.8 -c uni
solve_bruteforce,35461.0,0.009093046188354492,-I 1 -N 10 -n 24 -W 3000 -C 3000 -w bal -m 0.8 -c uni
solve_dynamic_cost,35461.0,0.8576920032501221,-I 1 -N 10 -n 24 -W 3000 -C 3000 -w bal -m 0.8 -c uni
solve_branch_bound,38288.0,0.01961493492126465,-I 1 -N 10 -n 24 -W 3000 -C 3000 -w bal -m 0.8 -c uni
solve_branch_bound,38288.0,0.04206991195678711,-I 1 -N 10 -n 24 -W 3000 -C 3000 -w bal -m 0.8 -c uni
solve_greedy,39060.0,4.6253204345703125e-05,-I 1 -N 10 -n 24 -W 3000 -C 3000 -w bal -m 0.8 -c uni
solve_dynamic_cost,38288.0,0.9772350788116455,-I 1 -N 10 -n 24 -W 3000 -C 3000 -w bal -m 0.8 -c uni
solve_branch_bound,39330.0,0.043359994888305664,-I 1 -N 10 -n 24 -W 3000 -C 3000 -w bal -m 0.8 -c uni
solve_branch_bound,38961.0,0.018325090408325195,-I 1 -N 10 -n 24 -W 3000 -C 3000 -w bal -m 0.8 -c uni
solve_branch_bound,32636.0,0.020025014877319336,-I 1 -N 10 -n 24 -W 3000 -C 3000 -w bal -m 0.8 -c uni
solve_dynamic_cost,38961.0,1.075981855392456,-I 1 -N 10 -n 24 -W 3000 -C 3000 -w bal -m 0.8 -c uni
solve_dynamic_cost,39874.0,0.829829216003418,-I 1 -N 10 -n 24 -W 3000 -C 3000 -w bal -m 0.8 -c uni
solve_greedy,38872.0,4.9114227294921875e-05,-I 1 -N 10 -n 24 -W 3000 -C 3000 -w bal -m 0.8 -c uni
solve_branch_bound,25792.0,0.0024628639221191406,-I 1 -N 10 -n 24 -W 3000 -C 3000 -w bal -m 0.8 -c uni
solve_branch_bound,38961.0,0.03843188285827637,-I 1 -N 10 -n 24 -W 3000 -C 3000 -w bal -m 0.8 -c uni
solve_dynamic_cost,35461.0,0.8316140174865723,-I 1 -N 10 -n 24 -W 3000 -C 3000 -w bal -m 0.8 -c uni
solve_dynamic_cost,25792.0,0.8230149745941162,-I 1 -N 10 -n 24 -W 3000 -C 3000 -w bal -m 0.8 -c uni
solve_greedy,26092.0,5.3882598876953125e-05,-I 1 -N 10 -n 24 -W 3000 -C 3000 -w bal -m 0.8 -c uni
solve_dynamic_cost,25792.0,0.9098212718963623,-I 1 -N 10 -n 24 -W 3000 -C 3000 -w bal -m 0.8 -c uni
solve_dynamic_cost,38961.0,0.8922867774963379,-I 1 -N 10 -n 24 -W 3000 -C 3000 -w bal -m 0.8 -c uni
solve_bruteforce,39330.0,0.04401397705078125,-I 1 -N 10 -n 24 -W 3000 -C 3000 -w bal -m 0.8 -c uni
solve_greedy,34151.0,5.507469177246094e-05,-I 1 -N 10 -n 24 -W 3000 -C 3000 -w bal -m 0.8 -c uni
solve_bruteforce,38288.0,0.05875682830810547,-I 1 -N 10 -n 24 -W 3000 -C 3000 -w bal -m 0.8 -c uni
solve_greedy,25792.0,5.602836608886719e-05,-I 1 -N 10 -n 24 -W 3000 -C 3000 -w bal -m 0.8 -c uni
solve_branch_bound,34306.0,0.022311925888061523,-I 1 -N 10 -n 24 -W 3000 -C 3000 -w bal -m 0.8 -c uni
solve_dynamic_cost,39330.0,1.2194318771362305,-I 1 -N 10 -n 24 -W 3000 -C 3000 -w bal -m 0.8 -c uni
solve_branch_bound,35461.0,0.009502887725830078,-I 1 -N 10 -n 24 -W 3000 -C 3000 -w bal -m 0.8 -c uni
solve_dynamic_cost,38288.0,1.2448399066925049,-I 1 -N 10 -n 24 -W 3000 -C 3000 -w bal -m 0.8 -c uni
solve_bruteforce,39874.0,0.028087615966796875,-I 1 -N 10 -n 24 -W 3000 -C 3000 -w bal -m 0.8 -c uni
solve_branch_bound,32636.0,0.07266592979431152,-I 1 -N 10 -n 24 -W 3000 -C 3000 -w bal -m 0.8 -c uni
solve_branch_bound,34306.0,0.012086153030395508,-I 1 -N 10 -n 24 -W 3000 -C 3000 -w bal -m 0.8 -c uni
solve_dynamic_cost,38288.0,0.9269289970397949,-I 1 -N 10 -n 24 -W 3000 -C 3000 -w bal -m 0.8 -c uni
solve_dynamic_cost,26235.0,0.8354840278625488,-I 1 -N 10 -n 24 -W 3000 -C 3000 -w bal -m 0.8 -c uni
solve_greedy,39060.0,5.507469177246094e-05,-I 1 -N 10 -n 24 -W 3000 -C 3000 -w bal -m 0.8 -c uni
solve_branch_bound,34363.0,0.02306365966796875,-I 1 -N 10 -n 24 -W 3000 -C 3000 -w bal -m 0.8 -c uni
solve_dynamic_cost,34363.0,0.8890647888183594,-I 1 -N 10 -n 24 -W 3000 -C 3000 -w bal -m 0.8 -c uni
solve_branch_bound,25792.0,0.004831075668334961,-I 1 -N 10 -n 24 -W 3000 -C 3000 -w bal -m 0.8 -c uni
solve_dynamic_cost,34363.0,0.9252450466156006,-I 1 -N 10 -n 24 -W 3000 -C 3000 -w bal -m 0.8 -c uni
solve_bruteforce,34306.0,0.036801815032958984,-I 1 -N 10 -n 24 -W 3000 -C 3000 -w bal -m 0.8 -c uni
solve_greedy,35461.0,5.364418029785156e-05,-I 1 -N 10 -n 24 -W 3000 -C 3000 -w bal -m 0.8 -c uni
solve_branch_bound,38961.0,0.009305953979492188,-I 1 -N 10 -n 24 -W 3000 -C 3000 -w bal -m 0.8 -c uni
solve_branch_bound,39874.0,0.025817155838012695,-I 1 -N 10 -n 24 -W 3000 -C 3000 -w bal -m 0.8 -c uni
solve_dynamic_cost,32636.0,1.4735710620880127,-I 1 -N 10 -n 24 -W 3000 -C 3000 -w bal -m 0.8 -c uni
solve_bruteforce,26235.0,0.007859230041503906,-I 1 -N 10 -n 24 -W 3000 -C 3000 -w bal -m 0.8 -c uni
solve_greedy,38872.0,4.935264587402344e-05,-I 1 -N 10 -n 24 -W 3000 -C 3000 -w bal -m 0.8 -c uni
solve_greedy,35461.0,7.176399230957031e-05,-I 1 -N 10 -n 24 -W 3000 -C 3000 -w bal -m 0.8 -c uni
solve_dynamic_cost,38288.0,1.3306949138641357,-I 1 -N 10 -n 24 -W 3000 -C 3000 -w bal -m 0.8 -c uni
solve_branch_bound,38961.0,0.011285066604614258,-I 1 -N 10 -n 24 -W 3000 -C 3000 -w bal -m 0.8 -c uni
solve_branch_bound,32636.0,0.10933303833007812,-I 1 -N 10 -n 24 -W 3000 -C 3000 -w bal -m 0.8 -c uni
solve_greedy,38872.0,5.1975250244140625e-05,-I 1 -N 10 -n 24 -W 3000 -C 3000 -w bal -m 0.8 -c uni
solve_greedy,39060.0,4.291534423828125e-05,-I 1 -N 10 -n 24 -W 3000 -C 3000 -w bal -m 0.8 -c uni
solve_branch_bound,35461.0,0.0046539306640625,-I 1 -N 10 -n 24 -W 3000 -C 3000 -w bal -m 0.8 -c uni
solve_dynamic_cost,25792.0,1.0512001514434814,-I 1 -N 10 -n 24 -W 3000 -C 3000 -w bal -m 0.8 -c uni
solve_bruteforce,34363.0,0.006991147994995117,-I 1 -N 10 -n 24 -W 3000 -C 3000 -w bal -m 0.8 -c uni
solve_dynamic_cost,39330.0,1.0585870742797852,-I 1 -N 10 -n 24 -W 3000 -C 3000 -w bal -m 0.8 -c uni
solve_branch_bound,26235.0,0.023940086364746094,-I 1 -N 10 -n 24 -W 3000 -C 3000 -w bal -m 0.8 -c uni
solve_branch_bound,34363.0,0.013225078582763672,-I 1 -N 10 -n 24 -W 3000 -C 3000 -w bal -m 0.8 -c uni
solve_branch_bound,38288.0,0.03817915916442871,-I 1 -N 10 -n 24 -W 3000 -C 3000 -w bal -m 0.8 -c uni
solve_bruteforce,35461.0,0.008755207061767578,-I 1 -N 10 -n 24 -W 3000 -C 3000 -w bal -m 0.8 -c uni
solve_branch_bound,34306.0,0.03793978691101074,-I 1 -N 10 -n 24 -W 3000 -C 3000 -w bal -m 0.8 -c uni
solve_bruteforce,34306.0,0.03802919387817383,-I 1 -N 10 -n 24 -W 3000 -C 3000 -w bal -m 0.8 -c uni
solve_branch_bound,38288.0,0.03718209266662598,-I 1 -N 10 -n 24 -W 3000 -C 3000 -w bal -m 0.8 -c uni
solve_branch_bound,32636.0,0.011995315551757812,-I 1 -N 10 -n 24 -W 3000 -C 3000 -w bal -m 0.8 -c uni
solve_bruteforce,39874.0,0.012167930603027344,-I 1 -N 10 -n 24 -W 3000 -C 3000 -w bal -m 0.8 -c uni
solve_dynamic_cost,26235.0,0.9915108680725098,-I 1 -N 10 -n 24 -W 3000 -C 3000 -w bal -m 0.8 -c uni
solve_dynamic_cost,39874.0,0.986828088760376,-I 1 -N 10 -n 24 -W 3000 -C 3000 -w bal -m 0.8 -c uni
solve_greedy,32636.0,6.031990051269531e-05,-I 1 -N 10 -n 24 -W 3000 -C 3000 -w bal -m 0.8 -c uni
solve_greedy,39874.0,4.601478576660156e-05,-I 1 -N 10 -n 24 -W 3000 -C 3000 -w bal -m 0.8 -c uni
solve_bruteforce,32636.0,0.08430790901184082,-I 1 -N 10 -n 24 -W 3000 -C 3000 -w bal -m 0.8 -c uni
solve_greedy,26092.0,4.887580871582031e-05,-I 1 -N 10 -n 24 -W 3000 -C 3000 -w bal -m 0.8 -c uni
solve_greedy,26092.0,4.1961669921875e-05,-I 1 -N 10 -n 24 -W 3000 -C 3000 -w bal -m 0.8 -c uni
solve_greedy,34151.0,4.100799560546875e-05,-I 1 -N 10 -n 24 -W 3000 -C 3000 -w bal -m 0.8 -c uni
solve_greedy,39874.0,4.029273986816406e-05,-I 1 -N 10 -n 24 -W 3000 -C 3000 -w bal -m 0.8 -c uni
solve_dynamic_cost,25792.0,1.051750898361206,-I 1 -N 10 -n 24 -W 3000 -C 3000 -w bal -m 0.8 -c uni
solve_bruteforce,38961.0,0.023967981338500977,-I 1 -N 10 -n 24 -W 3000 -C 3000 -w bal -m 0.8 -c uni
solve_bruteforce,26235.0,0.01776409149169922,-I 1 -N 10 -n 24 -W 3000 -C 3000 -w bal -m 0.8 -c uni
solve_greedy,25792.0,4.696846008300781e-05,-I 1 -N 10 -n 24 -W 3000 -C 3000 -w bal -m 0.8 -c uni
solve_branch_bound,38961.0,0.017584800720214844,-I 1 -N 10 -n 24 -W 3000 -C 3000 -w bal -m 0.8 -c uni
solve_greedy,32636.0,4.887580871582031e-05,-I 1 -N 10 -n 24 -W 3000 -C 3000 -w bal -m 0.8 -c uni
solve_dynamic_cost,38288.0,1.05047607421875,-I 1 -N 10 -n 24 -W 3000 -C 3000 -w bal -m 0.8 -c uni
solve_bruteforce,25792.0,0.007228851318359375,-I 1 -N 10 -n 24 -W 3000 -C 3000 -w bal -m 0.8 -c uni
solve_greedy,34363.0,5.221366882324219e-05,-I 1 -N 10 -n 24 -W 3000 -C 3000 -w bal -m 0.8 -c uni
solve_dynamic_cost,38961.0,0.6653251647949219,-I 1 -N 10 -n 24 -W 3000 -C 3000 -w bal -m 0.8 -c uni
solve_branch_bound,34363.0,0.0065462589263916016,-I 1 -N 10 -n 24 -W 3000 -C 3000 -w bal -m 0.8 -c uni
solve_greedy,34363.0,5.817413330078125e-05,-I 1 -N 10 -n 24 -W 3000 -C 3000 -w bal -m 0.8 -c uni
solve_dynamic_cost,34363.0,1.135634183883667,-I 1 -N 10 -n 24 -W 3000 -C 3000 -w bal -m 0.8 -c uni
solve_greedy,39874.0,5.698204040527344e-05,-I 1 -N 10 -n 24 -W 3000 -C 3000 -w bal -m 0.8 -c uni
solve_bruteforce,34363.0,0.009978294372558594,-I 1 -N 10 -n 24 -W 3000 -C 3000 -w bal -m 0.8 -c uni
solve_bruteforce,25792.0,0.00608515739440918,-I 1 -N 10 -n 24 -W 3000 -C 3000 -w bal -m 0.8 -c uni
solve_dynamic_cost,39874.0,1.0489239692687988,-I 1 -N 10 -n 24 -W 3000 -C 3000 -w bal -m 0.8 -c uni
solve_greedy,39060.0,5.507469177246094e-05,-I 1 -N 10 -n 24 -W 3000 -C 3000 -w bal -m 0.8 -c uni
solve_greedy,25792.0,4.506111145019531e-05,-I 1 -N 10 -n 24 -W 3000 -C 3000 -w bal -m 0.8 -c uni
solve_branch_bound,26235.0,0.005591154098510742,-I 1 -N 10 -n 24 -W 3000 -C 3000 -w bal -m 0.8 -c uni
solve_branch_bound,25792.0,0.0034029483795166016,-I 1 -N 10 -n 24 -W 3000 -C 3000 -w bal -m 0.8 -c uni
solve_greedy,38872.0,4.6253204345703125e-05,-I 1 -N 10 -n 24 -W 3000 -C 3000 -w bal -m 0.8 -c uni
solve_greedy,34151.0,5.793571472167969e-05,-I 1 -N 10 -n 24 -W 3000 -C 3000 -w bal -m 0.8 -c uni
solve_bruteforce,34363.0,0.006173372268676758,-I 1 -N 10 -n 24 -W 3000 -C 3000 -w bal -m 0.8 -c uni
solve_greedy,34363.0,4.57763671875e-05,-I 1 -N 10 -n 24 -W 3000 -C 3000 -w bal -m 0.8 -c uni
solve_bruteforce,35461.0,0.00764012336730957,-I 1 -N 10 -n 24 -W 3000 -C 3000 -w bal -m 0.8 -c uni
solve_dynamic_cost,38961.0,1.1728990077972412,-I 1 -N 10 -n 24 -W 3000 -C 3000 -w bal -m 0.8 -c uni
solve_branch_bound,39330.0,0.0340728759765625,-I 1 -N 10 -n 24 -W 3000 -C 3000 -w bal -m 0.8 -c uni
solve_bruteforce,39330.0,0.025146007537841797,-I 1 -N 10 -n 24 -W 3000 -C 3000 -w bal -m 0.8 -c uni
solve_dynamic_cost,39874.0,1.1533489227294922,-I 1 -N 10 -n 24 -W 3000 -C 3000 -w bal -m 0.8 -c uni
solve_dynamic_cost,26235.0,1.2513113021850586,-I 1 -N 10 -n 24 -W 3000 -C 3000 -w bal -m 0.8 -c uni
solve_dynamic_cost,39874.0,1.1963038444519043,-I 1 -N 10 -n 24 -W 3000 -C 3000 -w bal -m 0.8 -c uni
solve_dynamic_cost,38288.0,1.303177833557129,-I 1 -N 10 -n 24 -W 3000 -C 3000 -w bal -m 0.8 -c uni
solve_greedy,34363.0,5.412101745605469e-05,-I 1 -N 10 -n 24 -W 3000 -C 3000 -w bal -m 0.8 -c uni
solve_dynamic_cost,39874.0,0.688417911529541,-I 1 -N 10 -n 24 -W 3000 -C 3000 -w bal -m 0.8 -c uni
solve_branch_bound,26235.0,0.0030641555786132812,-I 1 -N 10 -n 24 -W 3000 -C 3000 -w bal -m 0.8 -c uni
solve_dynamic_cost,34363.0,1.1122868061065674,-I 1 -N 10 -n 24 -W 3000 -C 3000 -w bal -m 0.8 -c uni
solve_branch_bound,25792.0,0.0053250789642333984,-I 1 -N 10 -n 24 -W 3000 -C 3000 -w bal -m 0.8 -c uni
solve_bruteforce,38961.0,0.07801222801208496,-I 1 -N 10 -n 24 -W 3000 -C 3000 -w bal -m 0.8 -c uni
solve_bruteforce,38961.0,0.013174772262573242,-I 1 -N 10 -n 24 -W 3000 -C 3000 -w bal -m 0.8 -c uni
solve_bruteforce,32636.0,0.014609098434448242,-I 1 -N 10 -n 24 -W 3000 -C 3000 -w bal -m 0.8 -c uni
solve_dynamic_cost,32636.0,0.8521637916564941,-I 1 -N 10 -n 24 -W 3000 -C 3000 -w bal -m 0.8 -c uni
solve_dynamic_cost,38961.0,0.755889892578125,-I 1 -N 10 -n 24 -W 3000 -C 3000 -w bal -m 0.8 -c uni
solve_branch_bound,39874.0,0.021063804626464844,-I 1 -N 10 -n 24 -W 3000 -C 3000 -w bal -m 0.8 -c uni
solve_greedy,35461.0,5.7220458984375e-05,-I 1 -N 10 -n 24 -W 3000 -C 3000 -w bal -m 0.8 -c uni
solve_branch_bound,34306.0,0.07945132255554199,-I 1 -N 10 -n 24 -W 3000 -C 3000 -w bal -m 0.8 -c uni
solve_dynamic_cost,34306.0,1.1990721225738525,-I 1 -N 10 -n 24 -W 3000 -C 3000 -w bal -m 0.8 -c uni
solve_dynamic_cost,39874.0,1.2815449237823486,-I 1 -N 10 -n 24 -W 3000 -C 3000 -w bal -m 0.8 -c uni
solve_bruteforce,38288.0,0.05651283264160156,-I 1 -N 10 -n 24 -W 3000 -C 3000 -w bal -m 0.8 -c uni
solve_bruteforce,26235.0,0.009402990341186523,-I 1 -N 10 -n 24 -W 3000 -C 3000 -w bal -m 0.8 -c uni
solve_dynamic_cost,34306.0,1.4159018993377686,-I 1 -N 10 -n 24 -W 3000 -C 3000 -w bal -m 0.8 -c uni
solve_bruteforce,39330.0,0.013514041900634766,-I 1 -N 10 -n 24 -W 3000 -C 3000 -w bal -m 0.8 -c uni
solve_dynamic_cost,26235.0,1.2829639911651611,-I 1 -N 10 -n 24 -W 3000 -C 3000 -w bal -m 0.8 -c uni
solve_branch_bound,32636.0,0.0026900768280029297,-I 1 -N 10 -n 24 -W 3000 -C 3000 -w bal -m 0.8 -c uni
solve_branch_bound,38961.0,0.021349191665649414,-I 1 -N 10 -n 24 -W 3000 -C 3000 -w bal -m 0.8 -c uni
solve_bruteforce,38961.0,0.02831411361694336,-I 1 -N 10 -n 24 -W 3000 -C 3000 -w bal -m 0.8 -c uni
solve_dynamic_cost,39330.0,1.3138151168823242,-I 1 -N 10 -n 24 -W 3000 -C 3000 -w bal -m 0.8 -c uni
solve_bruteforce,39874.0,0.00923609733581543,-I 1 -N 10 -n 24 -W 3000 -C 3000 -w bal -m 0.8 -c uni
solve_dynamic_cost,32636.0,1.3728301525115967,-I 1 -N 10 -n 24 -W 3000 -C 3000 -w bal -m 0.8 -c uni
solve_bruteforce,35461.0,0.01764988899230957,-I 1 -N 10 -n 24 -W 3000 -C 3000 -w bal -m 0.8 -c uni
solve_branch_bound,35461.0,0.027678966522216797,-I 1 -N 10 -n 24 -W 3000 -C 3000 -w bal -m 0.8 -c uni
solve_branch_bound,39330.0,0.03172779083251953,-I 1 -N 10 -n 24 -W 3000 -C 3000 -w bal -m 0.8 -c uni
solve_branch_bound,39874.0,0.023713111877441406,-I 1 -N 10 -n 24 -W 3000 -C 3000 -w bal -m 0.8 -c uni
solve_bruteforce,34363.0,0.028905868530273438,-I 1 -N 10 -n 24 -W 3000 -C 3000 -w bal -m 0.8 -c uni
solve_branch_bound,35461.0,0.02097606658935547,-I 1 -N 10 -n 24 -W 3000 -C 3000 -w bal -m 0.8 -c uni
solve_bruteforce,25792.0,0.0012707710266113281,-I 1 -N 10 -n 24 -W 3000 -C 3000 -w bal -m 0.8 -c uni
solve_branch_bound,35461.0,0.009163856506347656,-I 1 -N 10 -n 24 -W 3000 -C 3000 -w bal -m 0.8 -c uni
solve_bruteforce,39874.0,0.008815765380859375,-I 1 -N 10 -n 24 -W 3000 -C 3000 -w bal -m 0.8 -c uni
solve_dynamic_cost,32636.0,1.3972117900848389,-I 1 -N 10 -n 24 -W 3000 -C 3000 -w bal -m 0.8 -c uni
solve_dynamic_cost,34306.0,0.6541187763214111,-I 1 -N 10 -n 24 -W 3000 -C 3000 -w bal -m 0.8 -c uni
solve_greedy,38288.0,4.982948303222656e-05,-I 1 -N 10 -n 24 -W 3000 -C 3000 -w bal -m 0.8 -c uni
solve_dynamic_cost,34363.0,1.2355153560638428,-I 1 -N 10 -n 24 -W 3000 -C 3000 -w bal -m 0.8 -c uni
solve_greedy,39874.0,4.982948303222656e-05,-I 1 -N 10 -n 24 -W 3000 -C 3000 -w bal -m 0.8 -c uni
solve_branch_bound,34306.0,0.02239513397216797,-I 1 -N 10 -n 24 -W 3000 -C 3000 -w bal -m 0.8 -c uni
solve_branch_bound,39874.0,0.011327981948852539,-I 1 -N 10 -n 24 -W 3000 -C 3000 -w bal -m 0.8 -c uni
solve_greedy,34363.0,4.601478576660156e-05,-I 1 -N 10 -n 24 -W 3000 -C 3000 -w bal -m 0.8 -c uni
solve_greedy,38288.0,3.981590270996094e-05,-I 1 -N 10 -n 24 -W 3000 -C 3000 -w bal -m 0.8 -c uni
solve_greedy,32636.0,3.981590270996094e-05,-I 1 -N 10 -n 24 -W 3000 -C 3000 -w bal -m 0.8 -c uni
solve_bruteforce,38961.0,0.011994123458862305,-I 1 -N 10 -n 24 -W 3000 -C 3000 -w bal -m 0.8 -c uni
solve_bruteforce,32636.0,0.04870891571044922,-I 1 -N 10 -n 24 -W 3000 -C 3000 -w bal -m 0.8 -c uni
solve_greedy,35461.0,4.792213439941406e-05,-I 1 -N 10 -n 24 -W 3000 -C 3000 -w bal -m 0.8 -c uni
solve_branch_bound,26235.0,0.015023231506347656,-I 1 -N 10 -n 24 -W 3000 -C 3000 -w bal -m 0.8 -c uni
solve_greedy,39874.0,4.9114227294921875e-05,-I 1 -N 10 -n 24 -W 3000 -C 3000 -w bal -m 0.8 -c uni
solve_bruteforce,39874.0,0.02669811248779297,-I 1 -N 10 -n 24 -W 3000 -C 3000 -w bal -m 0.8 -c uni
solve_branch_bound,38288.0,0.019418954849243164,-I 1 -N 10 -n 24 -W 3000 -C 3000 -w bal -m 0.8 -c uni
solve_branch_bound,38288.0,0.015724897384643555,-I 1 -N 10 -n 24 -W 3000 -C 3000 -w bal -m 0.8 -c uni
solve_dynamic_cost,34363.0,0.6287858486175537,-I 1 -N 10 -n 24 -W 3000 -C 3000 -w bal -m 0.8 -c uni
solve_bruteforce,34363.0,0.020824909210205078,-I 1 -N 10 -n 24 -W 3000 -C 3000 -w bal -m 0.8 -c uni
solve_greedy,25792.0,6.818771362304688e-05,-I 1 -N 10 -n 24 -W 3000 -C 3000 -w bal -m 0.8 -c uni
solve_branch_bound,38288.0,0.029870033264160156,-I 1 -N 10 -n 24 -W 3000 -C 3000 -w bal -m 0.8 -c uni
solve_greedy,35461.0,4.982948303222656e-05,-I 1 -N 10 -n 24 -W 3000 -C 3000 -w bal -m 0.8 -c uni
solve_dynamic_cost,39874.0,0.5687370300292969,-I 1 -N 10 -n 24 -W 3000 -C 3000 -w bal -m 0.8 -c uni
solve_dynamic_cost,25792.0,0.619560956954956,-I 1 -N 10 -n 24 -W 3000 -C 3000 -w bal -m 0.8 -c uni
solve_bruteforce,25792.0,0.005674123764038086,-I 1 -N 10 -n 24 -W 3000 -C 3000 -w bal -m 0.8 -c uni
solve_greedy,38872.0,4.673004150390625e-05,-I 1 -N 10 -n 24 -W 3000 -C 3000 -w bal -m 0.8 -c uni
solve_bruteforce,34306.0,0.01827096939086914,-I 1 -N 10 -n 24 -W 3000 -C 3000 -w bal -m 0.8 -c uni
solve_greedy,25792.0,4.506111145019531e-05,-I 1 -N 10 -n 24 -W 3000 -C 3000 -w bal -m 0.8 -c uni
solve_branch_bound,38288.0,0.013818979263305664,-I 1 -N 10 -n 24 -W 3000 -C 3000 -w bal -m 0.8 -c uni
solve_dynamic_cost,39874.0,0.7110559940338135,-I 1 -N 10 -n 24 -W 3000 -C 3000 -w bal -m 0.8 -c uni
solve_branch_bound,34306.0,0.0238339900970459,-I 1 -N 10 -n 24 -W 3000 -C 3000 -w bal -m 0.8 -c uni
solve_dynamic_cost,34363.0,1.0994019508361816,-I 1 -N 10 -n 24 -W 3000 -C 3000 -w bal -m 0.8 -c uni
solve_branch_bound,39874.0,0.008020162582397461,-I 1 -N 10 -n 24 -W 3000 -C 3000 -w bal -m 0.8 -c uni
solve_dynamic_cost,25792.0,1.3747758865356445,-I 1 -N 10 -n 24 -W 3000 -C 3000 -w bal -m 0.8 -c uni
solve_branch_bound,34363.0,0.017433881759643555,-I 1 -N 10 -n 24 -W 3000 -C 3000 -w bal -m 0.8 -c uni
solve_greedy,34151.0,4.887580871582031e-05,-I 1 -N 10 -n 24 -W 3000 -C 3000 -w bal -m 0.8 -c uni
solve_bruteforce,26235.0,0.01031494140625,-I 1 -N 10 -n 24 -W 3000 -C 3000 -w bal -m 0.8 -c uni
solve_dynamic_cost,38288.0,1.4545741081237793,-I 1 -N 10 -n 24 -W 3000 -C 3000 -w bal -m 0.8 -c uni
solve_branch_bound,38961.0,0.024911880493164062,-I 1 -N 10 -n 24 -W 3000 -C 3000 -w bal -m 0.8 -c uni
solve_branch_bound,35461.0,0.008564949035644531,-I 1 -N 10 -n 24 -W 3000 -C 3000 -w bal -m 0.8 -c uni
solve_bruteforce,34363.0,0.006799221038818359,-I 1 -N 10 -n 24 -W 3000 -C 3000 -w bal -m 0.8 -c uni
solve_bruteforce,39330.0,0.005405902862548828,-I 1 -N 10 -n 24 -W 3000 -C 3000 -w bal -m 0.8 -c uni
solve_branch_bound,26235.0,0.003484010696411133,-I 1 -N 10 -n 24 -W 3000 -C 3000 -w bal -m 0.8 -c uni
solve_branch_bound,25792.0,0.006031036376953125,-I 1 -N 10 -n 24 -W 3000 -C 3000 -w bal -m 0.8 -c uni
solve_greedy,25792.0,7.200241088867188e-05,-I 1 -N 10 -n 24 -W 3000 -C 3000 -w bal -m 0.8 -c uni
solve_greedy,39060.0,4.410743713378906e-05,-I 1 -N 10 -n 24 -W 3000 -C 3000 -w bal -m 0.8 -c uni
solve_greedy,39060.0,4.1961669921875e-05,-I 1 -N 10 -n 24 -W 3000 -C 3000 -w bal -m 0.8 -c uni
solve_dynamic_cost,38961.0,1.44340181350708,-I 1 -N 10 -n 24 -W 3000 -C 3000 -w bal -m 0.8 -c uni
solve_greedy,26092.0,5.602836608886719e-05,-I 1 -N 10 -n 24 -W 3000 -C 3000 -w bal -m 0.8 -c uni
solve_bruteforce,39330.0,0.04190373420715332,-I 1 -N 10 -n 24 -W 3000 -C 3000 -w bal -m 0.8 -c uni
solve_branch_bound,34306.0,0.07012200355529785,-I 1 -N 10 -n 24 -W 3000 -C 3000 -w bal -m 0.8 -c uni
solve_branch_bound,39330.0,0.02522897720336914,-I 1 -N 10 -n 24 -W 3000 -C 3000 -w bal -m 0.8 -c uni
solve_dynamic_cost,26235.0,0.7296371459960938,-I 1 -N 10 -n 24 -W 3000 -C 3000 -w bal -m 0.8 -c uni
solve_dynamic_cost,35461.0,1.47822904586792,-I 1 -N 10 -n 24 -W 3000 -C 3000 -w bal -m 0.8 -c uni
solve_dynamic_cost,26235.0,1.5188930034637451,-I 1 -N 10 -n 24 -W 3000 -C 3000 -w bal -m 0.8 -c uni
solve_greedy,26092.0,5.030632019042969e-05,-I 1 -N 10 -n 24 -W 3000 -C 3000 -w bal -m 0.8 -c uni
solve_bruteforce,39330.0,0.06197404861450195,-I 1 -N 10 -n 24 -W 3000 -C 3000 -w bal -m 0.8 -c uni
solve_bruteforce,38961.0,0.01898980140686035,-I 1 -N 10 -n 24 -W 3000 -C 3000 -w bal -m 0.8 -c uni
solve_branch_bound,34363.0,0.04061484336853027,-I 1 -N 10 -n 24 -W 3000 -C 3000 -w bal -m 0.8 -c uni
solve_bruteforce,35461.0,0.006043910980224609,-I 1 -N 10 -n 24 -W 3000 -C 3000 -w bal -m 0.8 -c uni
solve_branch_bound,25792.0,0.00963592529296875,-I 1 -N 10 -n 24 -W 3000 -C 3000 -w bal -m 0.8 -c uni
solve_bruteforce,38288.0,0.029407024383544922,-I 1 -N 10 -n 24 -W 3000 -C 3000 -w bal -m 0.8 -c uni
solve_greedy,38872.0,4.76837158203125e-05,-I 1 -N 10 -n 24 -W 3000 -C 3000 -w bal -m 0.8 -c uni
solve_dynamic_cost,32636.0,1.6379530429840088,-I 1 -N 10 -n 24 -W 3000 -C 3000 -w bal -m 0.8 -c uni
solve_bruteforce,32636.0,0.002662181854248047,-I 1 -N 10 -n 24 -W 3000 -C 3000 -w bal -m 0.8 -c uni
solve_branch_bound,38961.0,0.007364034652709961,-I 1 -N 10 -n 24 -W 3000 -C 3000 -w bal -m 0.8 -c uni
solve_bruteforce,35461.0,0.003762960433959961,-I 1 -N 10 -n 24 -W 3000 -C 3000 -w bal -m 0.8 -c uni
solve_dynamic_cost,35461.0,1.3412678241729736,-I 1 -N 10 -n 24 -W 3000 -C 3000 -w bal -m 0.8 -c uni
solve_dynamic_cost,39330.0,0.9069890975952148,-I 1 -N 10 -n 24 -W 3000 -C 3000 -w bal -m 0.8 -c uni
solve_greedy,38872.0,8.0108642578125e-05,-I 1 -N 10 -n 24 -W 3000 -C 3000 -w bal -m 0.8 -c uni
solve_greedy,39874.0,4.935264587402344e-05,-I 1 -N 10 -n 24 -W 3000 -C 3000 -w bal -m 0.8 -c uni
solve_bruteforce,32636.0,0.04449319839477539,-I 1 -N 10 -n 24 -W 3000 -C 3000 -w bal -m 0.8 -c uni
solve_branch_bound,39874.0,0.0171968936920166,-I 1 -N 10 -n 24 -W 3000 -C 3000 -w bal -m 0.8 -c uni
solve_bruteforce,39874.0,0.014843940734863281,-I 1 -N 10 -n 24 -W 3000 -C 3000 -w bal -m 0.8 -c uni
solve_greedy,38288.0,5.1021575927734375e-05,-I 1 -N 10 -n 24 -W 3000 -C 3000 -w bal -m 0.8 -c uni
solve_bruteforce,38288.0,0.0263369083404541,-I 1 -N 10 -n 24 -W 3000 -C 3000 -w bal -m 0.8 -c uni
solve_greedy,34151.0,4.7206878662109375e-05,-I 1 -N 10 -n 24 -W 3000 -C 3000 -w bal -m 0.8 -c uni
solve_dynamic_cost,35461.0,0.8052349090576172,-I 1 -N 10 -n 24 -W 3000 -C 3000 -w bal -m 0.8 -c uni
solve_dynamic_cost,32636.0,0.9554989337921143,-I 1 -N 10 -n 24 -W 3000 -C 3000 -w bal -m 0.8 -c uni
solve_bruteforce,38288.0,0.06003570556640625,-I 1 -N 10 -n 24 -W 3000 -C 3000 -w bal -m 0.8 -c uni
solve_greedy,34151.0,5.0067901611328125e-05,-I 1 -N 10 -n 24 -W 3000 -C 3000 -w bal -m 0.8 -c uni
solve_bruteforce,26235.0,0.008195877075195312,-I 1 -N 10 -n 24 -W 3000 -C 3000 -w bal -m 0.8 -c uni
solve_greedy,34151.0,4.506111145019531e-05,-I 1 -N 10 -n 24 -W 3000 -C 3000 -w bal -m 0.8 -c uni
solve_dynamic_cost,26235.0,0.6796150207519531,-I 1 -N 10 -n 24 -W 3000 -C 3000 -w bal -m 0.8 -c uni
solve_greedy,38288.0,5.6743621826171875e-05,-I 1 -N 10 -n 24 -W 3000 -C 3000 -w bal -m 0.8 -c uni
solve_bruteforce,34306.0,0.02788090705871582,-I 1 -N 10 -n 24 -W 3000 -C 3000 -w bal -m 0.8 -c uni
solve_bruteforce,32636.0,0.0038051605224609375,-I 1 -N 10 -n 24 -W 3000 -C 3000 -w bal -m 0.8 -c uni
solve_greedy,32636.0,5.2928924560546875e-05,-I 1 -N 10 -n 24 -W 3000 -C 3000 -w bal -m 0.8 -c uni
solve_bruteforce,34306.0,0.021034955978393555,-I 1 -N 10 -n 24 -W 3000 -C 3000 -w bal -m 0.8 -c uni
solve_branch_bound,35461.0,0.027156829833984375,-I 1 -N 10 -n 24 -W 3000 -C 3000 -w bal -m 0.8 -c uni
solve_dynamic_cost,34306.0,0.7643318176269531,-I 1 -N 10 -n 24 -W 3000 -C 3000 -w bal -m 0.8 -c uni
solve_branch_bound,25792.0,0.010938167572021484,-I 1 -N 10 -n 24 -W 3000 -C 3000 -w bal -m 0.8 -c uni
solve_bruteforce,32636.0,0.01147317886352539,-I 1 -N 10 -n 24 -W 3000 -C 3000 -w bal -m 0.8 -c uni
solve_bruteforce,35461.0,0.03669381141662598,-I 1 -N 10 -n 24 -W 3000 -C 3000 -w bal -m 0.8 -c uni
solve_bruteforce,34363.0,0.0486910343170166,-I 1 -N 10 -n 24 -W 3000 -C 3000 -w bal -m 0.8 -c uni
solve_greedy,32636.0,4.601478576660156e-05,-I 1 -N 10 -n 24 -W 3000 -C 3000 -w bal -m 0.8 -c uni
solve_branch_bound,35461.0,0.008765935897827148,-I 1 -N 10 -n 24 -W 3000 -C 3000 -w bal -m 0.8 -c uni
solve_bruteforce,34363.0,0.016947269439697266,-I 1 -N 10 -n 24 -W 3000 -C 3000 -w bal -m 0.8 -c uni
solve_greedy,32636.0,5.412101745605469e-05,-I 1 -N 10 -n 24 -W 3000 -C 3000 -w bal -m 0.8 -c uni
solve_bruteforce,34363.0,0.013442754745483398,-I 1 -N 10 -n 24 -W 3000 -C 3000 -w bal -m 0.8 -c uni
solve_bruteforce,38961.0,0.012042045593261719,-I 1 -N 10 -n 24 -W 3000 -C 3000 -w bal -m 0.8 -c uni
solve_greedy,32636.0,4.792213439941406e-05,-I 1 -N 10 -n 24 -W 3000 -C 3000 -w bal -m 0.8 -c uni
solve_dynamic_cost,39330.0,0.838313102722168,-I 1 -N 10 -n 24 -W 3000 -C 3000 -w bal -m 0.8 -c uni
solve_greedy,34151.0,0.00021600723266601562,-I 1 -N 10 -n 24 -W 3000 -C 3000 -w bal -m 0.8 -c uni
solve_dynamic_cost,39330.0,0.8495101928710938,-I 1 -N 10 -n 24 -W 3000 -C 3000 -w bal -m 0.8 -c uni
solve_branch_bound,26235.0,0.008882999420166016,-I 1 -N 10 -n 24 -W 3000 -C 3000 -w bal -m 0.8 -c uni
solve_branch_bound,34306.0,0.06321978569030762,-I 1 -N 10 -n 24 -W 3000 -C 3000 -w bal -m 0.8 -c uni
solve_bruteforce,35461.0,0.030871868133544922,-I 1 -N 10 -n 24 -W 3000 -C 3000 -w bal -m 0.8 -c uni
solve_bruteforce,32636.0,0.041031837463378906,-I 1 -N 10 -n 24 -W 3000 -C 3000 -w bal -m 0.8 -c uni
solve_branch_bound,32636.0,0.050054073333740234,-I 1 -N 10 -n 24 -W 3000 -C 3000 -w bal -m 0.8 -c uni
solve_dynamic_cost,34306.0,1.2661011219024658,-I 1 -N 10 -n 24 -W 3000 -C 3000 -w bal -m 0.8 -c uni
solve_bruteforce,39330.0,0.026871919631958008,-I 1 -N 10 -n 24 -W 3000 -C 3000 -w bal -m 0.8 -c uni
solve_dynamic_cost,35461.0,1.6349356174468994,-I 1 -N 10 -n 24 -W 3000 -C 3000 -w bal -m 0.8 -c uni
solve_bruteforce,39330.0,0.028018951416015625,-I 1 -N 10 -n 24 -W 3000 -C 3000 -w bal -m 0.8 -c uni
solve_greedy,39874.0,5.817413330078125e-05,-I 1 -N 10 -n 24 -W 3000 -C 3000 -w bal -m 0.8 -c uni
solve_dynamic_cost,35461.0,1.6508400440216064,-I 1 -N 10 -n 24 -W 3000 -C 3000 -w bal -m 0.8 -c uni
solve_greedy,39874.0,6.508827209472656e-05,-I 1 -N 10 -n 24 -W 3000 -C 3000 -w bal -m 0.8 -c uni
solve_greedy,26092.0,6.508827209472656e-05,-I 1 -N 10 -n 24 -W 3000 -C 3000 -w bal -m 0.8 -c uni
solve_branch_bound,38288.0,0.022478103637695312,-I 1 -N 10 -n 24 -W 3000 -C 3000 -w bal -m 0.8 -c uni
solve_bruteforce,25792.0,0.004683971405029297,-I 1 -N 10 -n 24 -W 3000 -C 3000 -w bal -m 0.8 -c uni
solve_bruteforce,25792.0,0.002768993377685547,-I 1 -N 10 -n 24 -W 3000 -C 3000 -w bal -m 0.8 -c uni
solve_greedy,26092.0,4.506111145019531e-05,-I 1 -N 10 -n 24 -W 3000 -C 3000 -w bal -m 0.8 -c uni
solve_dynamic_cost,38961.0,1.5894420146942139,-I 1 -N 10 -n 24 -W 3000 -C 3000 -w bal -m 0.8 -c uni
solve_greedy,39060.0,5.1975250244140625e-05,-I 1 -N 10 -n 24 -W 3000 -C 3000 -w bal -m 0.8 -c uni
solve_dynamic_cost,26235.0,1.619607925415039,-I 1 -N 10 -n 24 -W 3000 -C 3000 -w bal -m 0.8 -c uni
solve_greedy,26092.0,5.507469177246094e-05,-I 1 -N 10 -n 24 -W 3000 -C 3000 -w bal -m 0.8 -c uni
solve_dynamic_cost,38961.0,1.1731150150299072,-I 1 -N 10 -n 24 -W 3000 -C 3000 -w bal -m 0.8 -c uni
solve_branch_bound,25792.0,0.004045963287353516,-I 1 -N 10 -n 24 -W 3000 -C 3000 -w bal -m 0.8 -c uni
solve_bruteforce,25792.0,0.010171890258789062,-I 1 -N 10 -n 24 -W 3000 -C 3000 -w bal -m 0.8 -c uni
solve_greedy,38288.0,4.506111145019531e-05,-I 1 -N 10 -n 24 -W 3000 -C 3000 -w bal -m 0.8 -c uni
solve_dynamic_cost,34363.0,1.7043089866638184,-I 1 -N 10 -n 24 -W 3000 -C 3000 -w bal -m 0.8 -c uni
solve_bruteforce,38288.0,0.01873302459716797,-I 1 -N 10 -n 24 -W 3000 -C 3000 -w bal -m 0.8 -c uni
solve_dynamic_cost,32636.0,1.895986795425415,-I 1 -N 10 -n 24 -W 3000 -C 3000 -w bal -m 0.8 -c uni
solve_dynamic_cost,34306.0,0.7334299087524414,-I 1 -N 10 -n 24 -W 3000 -C 3000 -w bal -m 0.8 -c uni
solve_branch_bound,39330.0,0.012207984924316406,-I 1 -N 10 -n 24 -W 3000 -C 3000 -w bal -m 0.8 -c uni
solve_greedy,25792.0,4.7206878662109375e-05,-I 1 -N 10 -n 24 -W 3000 -C 3000 -w bal -m 0.8 -c uni
solve_dynamic_cost,38288.0,1.6495378017425537,-I 1 -N 10 -n 24 -W 3000 -C 3000 -w bal -m 0.8 -c uni
solve_greedy,25792.0,5.0067901611328125e-05,-I 1 -N 10 -n 24 -W 3000 -C 3000 -w bal -m 0.8 -c uni
solve_branch_bound,34306.0,0.024603843688964844,-I 1 -N 10 -n 24 -W 3000 -C 3000 -w bal -m 0.8 -c uni
solve_greedy,35461.0,5.984306335449219e-05,-I 1 -N 10 -n 24 -W 3000 -C 3000 -w bal -m 0.8 -c uni
solve_bruteforce,25792.0,0.002665996551513672,-I 1 -N 10 -n 24 -W 3000 -C 3000 -w bal -m 0.8 -c uni
solve_greedy,32636.0,0.0013611316680908203,-I 1 -N 10 -n 24 -W 3000 -C 3000 -w bal -m 0.8 -c uni
solve_branch_bound,25792.0,0.009400129318237305,-I 1 -N 10 -n 24 -W 3000 -C 3000 -w bal -m 0.8 -c uni
solve_branch_bound,34306.0,0.039968013763427734,-I 1 -N 10 -n 24 -W 3000 -C 3000 -w bal -m 0.8 -c uni
solve_bruteforce,25792.0,0.007788181304931641,-I 1 -N 10 -n 24 -W 3000 -C 3000 -w bal -m 0.8 -c uni
solve_bruteforce,38288.0,0.008140087127685547,-I 1 -N 10 -n 24 -W 3000 -C 3000 -w bal -m 0.8 -c uni
solve_branch_bound,39874.0,0.029916048049926758,-I 1 -N 10 -n 24 -W 3000 -C 3000 -w bal -m 0.8 -c uni
solve_bruteforce,39874.0,0.009026765823364258,-I 1 -N 10 -n 24 -W 3000 -C 3000 -w bal -m 0.8 -c uni
solve_dynamic_cost,34363.0,0.7410190105438232,-I 1 -N 10 -n 24 -W 3000 -C 3000 -w bal -m 0.8 -c uni
solve_branch_bound,26235.0,0.004540920257568359,-I 1 -N 10 -n 24 -W 3000 -C 3000 -w bal -m 0.8 -c uni
solve_bruteforce,34363.0,0.00869297981262207,-I 1 -N 10 -n 24 -W 3000 -C 3000 -w bal -m 0.8 -c uni
solve_greedy,34363.0,4.7206878662109375e-05,-I 1 -N 10 -n 24 -W 3000 -C 3000 -w bal -m 0.8 -c uni
solve_branch_bound,25792.0,0.005324840545654297,-I 1 -N 10 -n 24 -W 3000 -C 3000 -w bal -m 0.8 -c uni
solve_bruteforce,38961.0,0.06183314323425293,-I 1 -N 10 -n 24 -W 3000 -C 3000 -w bal -m 0.8 -c uni
solve_branch_bound,26235.0,0.009610176086425781,-I 1 -N 10 -n 24 -W 3000 -C 3000 -w bal -m 0.8 -c uni
solve_greedy,39060.0,4.291534423828125e-05,-I 1 -N 10 -n 24 -W 3000 -C 3000 -w bal -m 0.8 -c uni
solve_greedy,38872.0,4.506111145019531e-05,-I 1 -N 10 -n 24 -W 3000 -C 3000 -w bal -m 0.8 -c uni
solve_branch_bound,34363.0,0.03487110137939453,-I 1 -N 10 -n 24 -W 3000 -C 3000 -w bal -m 0.8 -c uni
solve_branch_bound,35461.0,0.007413148880004883,-I 1 -N 10 -n 24 -W 3000 -C 3000 -w bal -m 0.8 -c uni
solve_branch_bound,32636.0,0.007399797439575195,-I 1 -N 10 -n 24 -W 3000 -C 3000 -w bal -m 0.8 -c uni
solve_bruteforce,26235.0,0.010113000869750977,-I 1 -N 10 -n 24 -W 3000 -C 3000 -w bal -m 0.8 -c uni
solve_branch_bound,39874.0,0.010528087615966797,-I 1 -N 10 -n 24 -W 3000 -C 3000 -w bal -m 0.8 -c uni
solve_bruteforce,25792.0,0.002933025360107422,-I 1 -N 10 -n 24 -W 3000 -C 3000 -w bal -m 0.8 -c uni
solve_bruteforce,26235.0,0.02609109878540039,-I 1 -N 10 -n 24 -W 3000 -C 3000 -w bal -m 0.8 -c uni
solve_greedy,25792.0,4.57763671875e-05,-I 1 -N 10 -n 24 -W 3000 -C 3000 -w bal -m 0.8 -c uni
solve_bruteforce,39874.0,0.006339073181152344,-I 1 -N 10 -n 24 -W 3000 -C 3000 -w bal -m 0.8 -c uni
solve_greedy,35461.0,4.410743713378906e-05,-I 1 -N 10 -n 24 -W 3000 -C 3000 -w bal -m 0.8 -c uni
solve_branch_bound,34363.0,0.03175997734069824,-I 1 -N 10 -n 24 -W 3000 -C 3000 -w bal -m 0.8 -c uni
solve_bruteforce,39874.0,0.027200937271118164,-I 1 -N 10 -n 24 -W 3000 -C 3000 -w bal -m 0.8 -c uni
solve_dynamic_cost,39330.0,1.121992826461792,-I 1 -N 10 -n 24 -W 3000 -C 3000 -w bal -m 0.8 -c uni
solve_greedy,38288.0,5.698204040527344e-05,-I 1 -N 10 -n 24 -W 3000 -C 3000 -w bal -m 0.8 -c uni
solve_dynamic_cost,39330.0,0.8031563758850098,-I 1 -N 10 -n 24 -W 3000 -C 3000 -w bal -m 0.8 -c uni
solve_branch_bound,26235.0,0.02265191078186035,-I 1 -N 10 -n 24 -W 3000 -C 3000 -w bal -m 0.8 -c uni
solve_greedy,32636.0,5.1021575927734375e-05,-I 1 -N 10 -n 24 -W 3000 -C 3000 -w bal -m 0.8 -c uni
solve_branch_bound,39874.0,0.01719498634338379,-I 1 -N 10 -n 24 -W 3000 -C 3000 -w bal -m 0.8 -c uni
solve_dynamic_cost,32636.0,1.1936662197113037,-I 1 -N 10 -n 24 -W 3000 -C 3000 -w bal -m 0.8 -c uni
solve_greedy,38288.0,5.1975250244140625e-05,-I 1 -N 10 -n 24 -W 3000 -C 3000 -w bal -m 0.8 -c uni
solve_bruteforce,35461.0,0.039730072021484375,-I 1 -N 10 -n 24 -W 3000 -C 3000 -w bal -m 0.8 -c uni
solve_bruteforce,38288.0,0.030408143997192383,-I 1 -N 10 -n 24 -W 3000 -C 3000 -w bal -m 0.8 -c uni
solve_bruteforce,39330.0,0.012337207794189453,-I 1 -N 10 -n 24 -W 3000 -C 3000 -w bal -m 0.8 -c uni
solve_bruteforce,38288.0,0.015841007232666016,-I 1 -N 10 -n 24 -W 3000 -C 3000 -w bal -m 0.8 -c uni
solve_branch_bound,38288.0,0.028264999389648438,-I 1 -N 10 -n 24 -W 3000 -C 3000 -w bal -m 0.8 -c uni
solve_branch_bound,32636.0,0.016804218292236328,-I 1 -N 10 -n 24 -W 3000 -C 3000 -w bal -m 0.8 -c uni
solve_branch_bound,38961.0,0.035659074783325195,-I 1 -N 10 -n 24 -W 3000 -C 3000 -w bal -m 0.8 -c uni
solve_bruteforce,38288.0,0.016566991806030273,-I 1 -N 10 -n 24 -W 3000 -C 3000 -w bal -m 0.8 -c uni
solve_bruteforce,26235.0,0.004930973052978516,-I 1 -N 10 -n 24 -W 3000 -C 3000 -w bal -m 0.8 -c uni
solve_dynamic_cost,38961.0,1.190412998199463,-I 1 -N 10 -n 24 -W 3000 -C 3000 -w bal -m 0.8 -c uni
solve_greedy,34363.0,5.3882598876953125e-05,-I 1 -N 10 -n 24 -W 3000 -C 3000 -w bal -m 0.8 -c uni
solve_bruteforce,39874.0,0.009208202362060547,-I 1 -N 10 -n 24 -W 3000 -C 3000 -w bal -m 0.8 -c uni
solve_greedy,26092.0,4.601478576660156e-05,-I 1 -N 10 -n 24 -W 3000 -C 3000 -w bal -m 0.8 -c uni
solve_branch_bound,35461.0,0.021252870559692383,-I 1 -N 10 -n 24 -W 3000 -C 3000 -w bal -m 0.8 -c uni
solve_dynamic_cost,39330.0,1.1703028678894043,-I 1 -N 10 -n 24 -W 3000 -C 3000 -w bal -m 0.8 -c uni
solve_dynamic_cost,35461.0,1.042175054550171,-I 1 -N 10 -n 24 -W 3000 -C 3000 -w bal -m 0.8 -c uni
solve_dynamic_cost,39874.0,1.0465669631958008,-I 1 -N 10 -n 24 -W 3000 -C 3000 -w bal -m 0.8 -c uni
solve_dynamic_cost,38288.0,1.0843992233276367,-I 1 -N 10 -n 24 -W 3000 -C 3000 -w bal -m 0.8 -c uni
solve_dynamic_cost,38961.0,0.6374490261077881,-I 1 -N 10 -n 24 -W 3000 -C 3000 -w bal -m 0.8 -c uni
solve_dynamic_cost,35461.0,0.4836440086364746,-I 1 -N 10 -n 24 -W 3000 -C 3000 -w bal -m 0.8 -c uni
solve_dynamic_cost,26235.0,1.0193159580230713,-I 1 -N 10 -n 24 -W 3000 -C 3000 -w bal -m 0.8 -c uni
solve_dynamic_cost,35461.0,1.0528309345245361,-I 1 -N 10 -n 24 -W 3000 -C 3000 -w bal -m 0.8 -c uni
